<database name="Example_source">
  <tables>
    <table name="Customer">
      <columns>
        <column name="Id" required="true" primary="true" fulldatatype="int" />
        <column name="FirstName" required="false" primary="false" fulldatatype="varchar(50)" />
        <column name="LastName" required="false" primary="false" fulldatatype="varchar(100)" />
        <column name="City" required="false" primary="false" fulldatatype="varchar(50)" />
        <column name="Country" required="false" primary="false" fulldatatype="varchar(3)" />
        <column name="Phone" required="false" primary="false" fulldatatype="varchar(20)" />
      </columns>
      <keys>
        <primaryKey id="PK_CUSTOMER">
          <keyColumns>
            <keyColumn id="Id" OrdinalPosition="1" />
          </keyColumns>
        </primaryKey>
      </keys>
    </table>
    <table name="Order">
      <columns>
        <column name="Id" required="true" primary="true" fulldatatype="int" />
        <column name="OrderDate" required="false" primary="false" fulldatatype="datetime" />
        <column name="OrderNumber" required="false" primary="false" fulldatatype="varchar(50)" />
        <column name="CustomerId" required="false" primary="false" fulldatatype="int" />
        <column name="TotalAmount" required="false" primary="false" fulldatatype="decimal(12, 2)" />
      </columns>
      <keys>
        <primaryKey id="PK_ORDER">
          <keyColumns>
            <keyColumn id="Id" OrdinalPosition="1" />
          </keyColumns>
        </primaryKey>
      </keys>
    </table>
  </tables>
</database>