<?xml version="1.0" encoding="UTF-8"?>
<XGenConfig>

  <Model>
    <ModelAttributeInjections>
      <!-- Override the length of the fields where the length is max to 1000. -->
      <ModelAttributeInjection modelXPath="//columns/column[lower-case(@fulldatatype) = 'nvarchar(max)']" targetAttribute="fulldatatype" targetValue="nvarchar(1000)"/>
      <!-- Override the fulldatatype for timestamp and rowversion to binary. -->
      <ModelAttributeInjection modelXPath="//columns/column[@datatype='rowversion' or @datatype='timestamp']" targetAttribute="fulldatatype" targetValue="binary(8)"/>
    </ModelAttributeInjections>
  </Model>

  <TextTemplate rootSectionName="table">
    <FileFormat currentAccessor="_" childAccessor="$" singleLineCommentPrefix="--" annotationPrefix="@XGen" annotationArgsPrefix="(" annotationArgsSuffix=")" />
    <Output type="output_per_element" />
  </TextTemplate>

  <Binding>
		<SectionModelBinding section="table" modelXPath="/database/tables/table">
			<Placeholders>
				<Placeholder name="system" modelXPath="../.." />
			</Placeholders>
      <SectionModelBinding section="keyAttribute" modelXPath="columns/column[@primary='true']">   
        <Literals>
          <!-- Replace the literal VARCHAR(10) with the value of fulldatatype for the attribute from the model -->
          <Literal literal="VARCHAR(10)" modelXPath="./@fulldatatype"/>
        </Literals>
        <Placeholders>
          <Placeholder name="table" modelXPath="../.." />
        </Placeholders>
      </SectionModelBinding>
      <SectionModelBinding section="nonKeyAttribute" modelXPath="columns/column[not(@primary='true')]">
        <Literals>
            <Literal literal="VARCHAR(10)" modelXPath="./@fulldatatype"/>
          </Literals>
        <Placeholders>
          <Placeholder name="table" modelXPath="../.." />
        </Placeholders>
      </SectionModelBinding>
		</SectionModelBinding>
  </Binding>
  
</XGenConfig>