<?xml version="1.0" encoding="UTF-8"?>
<XGenConfig>
 <Model>
    <ModelAttributeInjections>
      <!-- Translate the SQL data type into the SSIS data type and store it in the 'datatype' attribute on the attribute elements in the model. -->
      <ModelAttributeInjection modelXPath="//column[@datatype='varchar']" targetAttribute="codePage" targetValue="1252"/>
      <ModelAttributeInjection modelXPath="//column[@datatype='varchar']" targetAttribute="datatype" targetValue="str"/>
      <ModelAttributeInjection modelXPath="//column[@datatype='nvarchar']" targetAttribute="datatype" targetValue="wstr"/>
      <!-- Sysname is alias for nvarchar(128). -->
      <ModelAttributeInjection modelXPath="//column[@datatype='sysname']" targetAttribute="datatype" targetValue="wstr"/>
      <ModelAttributeInjection modelXPath="//column[@datatype='sysname']" targetAttribute="length" targetValue="128"/>
      <ModelAttributeInjection modelXPath="//column[@datatype='tinyint']" targetAttribute="datatype" targetValue="ui1"/>
      <ModelAttributeInjection modelXPath="//column[@datatype='smallint']" targetAttribute="datatype" targetValue="i2"/>
      <ModelAttributeInjection modelXPath="//column[@datatype='bigint']" targetAttribute="datatype" targetValue="i8"/>
      <ModelAttributeInjection modelXPath="//column[@datatype='int']" targetAttribute="datatype" targetValue="i4"/>
      <ModelAttributeInjection modelXPath="//column[@datatype='datetime']" targetAttribute="datatype" targetValue="dbTimeStamp"/>
      <ModelAttributeInjection modelXPath="//column[@datatype='datetime2']" targetAttribute="datatype" targetValue="dbTimeStamp"/>
      <ModelAttributeInjection modelXPath="//column[@datatype='date']" targetAttribute="datatype" targetValue="dbDate"/>
      <ModelAttributeInjection modelXPath="//column[@datatype='decimal']" targetAttribute="datatype" targetValue="numeric"/>
      <ModelAttributeInjection modelXPath="//column[@datatype='bit']" targetAttribute="datatype" targetValue="bool"/>
      <ModelAttributeInjection modelXPath="//column[@datatype='uniqueidentifier']" targetAttribute="datatype" targetValue="guid"/>
      <ModelAttributeInjection modelXPath="/column[@originaldatatype='tinyint(3)']" targetAttribute="datatype" targetValue="ui1"/>
      <!-- set length to 500 for datatype = text -->
      <ModelAttributeInjection modelXPath="//column[@datatype='text']" targetAttribute="length" targetValue="500"/>		
      <!-- set codepage to 1252 -->
      <ModelAttributeInjection modelXPath="//column[@datatype='text']" targetAttribute="codePage" targetValue="1252"/>
      <!-- set datatype to text when datatype = text -->
      <ModelAttributeInjection modelXPath="//column[@datatype='text']" targetAttribute="datatype" targetValue="str"/>	        
    </ModelAttributeInjections>
  </Model>
  <XmlTemplate rootSectionName="table">
    <FileFormat currentAccessor="_" commentNodeXPath="@description" annotationPrefix="@XGen" annotationArgsPrefix="(" annotationArgsSuffix=")" />
    <Output type="output_per_element" />
    <XmlSections>
      <!-- The input columns of the 'OLE DB Destination Input' need to be repeated for every attribute. -->
      <!-- This element doesn't have a 'Description' attribute, so we need to create this section in this config file. -->
      <!--<XmlSection name="Attribute" templateXPath="//input[@name='OLE DB Destination Input']/inputColumns/inputColumn[@cachedName='Attribute_name']"/>-->
    </XmlSections>
    <TemplateAttributeInjections>
      <!-- Inject an attribute for the scale, precision, cachedScale & cachedPrecision on elements where the name (or cachedName) end with ttribute_name (effective attribute_name, textAttribute_name and nonTextAttribute_name) -->
      <TemplateAttributeInjection templateXPath="//*[(ends-with(@name,'olumn_name') or ends-with(@cachedName,'olumn_name'))]" attributeName="scale" attributeValue=""/>
      <TemplateAttributeInjection templateXPath="//*[(ends-with(@name,'olumn_name') or ends-with(@cachedName,'olumn_name'))]" attributeName="precision" attributeValue=""/>
      <TemplateAttributeInjection templateXPath="//*[(ends-with(@name,'olumn_name') or ends-with(@cachedName,'olumn_name'))]" attributeName="cachedScale" attributeValue=""/>
      <TemplateAttributeInjection templateXPath="//*[(ends-with(@name,'olumn_name') or ends-with(@cachedName,'olumn_name'))]" attributeName="cachedPrecision" attributeValue=""/>
		</TemplateAttributeInjections>
    <TemplatePlaceholderInjections>
      <!-- Inject a placeholder for the dataType, length, precision, scale, codePage attributes for the columns. -->
      <TemplatePlaceholderInjection templateXPath="//*[(ends-with(@name,'olumn_name') or ends-with(@cachedName,'olumn_name'))]/@dataType"  modelNode="datatype" scope="current" />
      <TemplatePlaceholderInjection templateXPath="//*[(ends-with(@name,'olumn_name') or ends-with(@cachedName,'olumn_name'))]/@length"  modelNode="length" scope="current" />
      <TemplatePlaceholderInjection templateXPath="//*[(ends-with(@name,'olumn_name') or ends-with(@cachedName,'olumn_name'))]/@precision"  modelNode="precision" scope="current" />
      <TemplatePlaceholderInjection templateXPath="//*[(ends-with(@name,'olumn_name') or ends-with(@cachedName,'olumn_name'))]/@scale"  modelNode="scale" scope="current" />
      <TemplatePlaceholderInjection templateXPath="//*[(ends-with(@name,'olumn_name') or ends-with(@cachedName,'olumn_name'))]/@codePage"  modelNode="codePage" scope="current" />
      <!-- Inject a placeholder for the cachedDataType, cachedLength, cachedPrecision, cachedScale, cachedCodePage attributes for the columns. -->
      <TemplatePlaceholderInjection templateXPath="//*[(ends-with(@name,'olumn_name') or ends-with(@cachedName,'olumn_name'))]/@cachedDataType" modelNode="datatype" scope="current" />
      <TemplatePlaceholderInjection templateXPath="//*[(ends-with(@name,'olumn_name') or ends-with(@cachedName,'olumn_name'))]/@cachedLength"  modelNode="length" scope="current" />
      <TemplatePlaceholderInjection templateXPath="//*[(ends-with(@name,'olumn_name') or ends-with(@cachedName,'olumn_name'))]/@cachedPrecision"  modelNode="precision" scope="current" />
      <TemplatePlaceholderInjection templateXPath="//*[(ends-with(@name,'olumn_name') or ends-with(@cachedName,'olumn_name'))]/@cachedScale"  modelNode="scale" scope="current" />
      <TemplatePlaceholderInjection templateXPath="//*[(ends-with(@name,'olumn_name') or ends-with(@cachedName,'olumn_name'))]/@cachedCodepage"  modelNode="codePage" scope="current" />
    </TemplatePlaceholderInjections>   		
  </XmlTemplate>
  <Binding>
  	<SectionModelBinding section="table" modelXPath="/database/tables/table">
			<Placeholders>
				<Placeholder name="system" modelXPath="../.." />
			</Placeholders>
      <SectionModelBinding section="keyAttribute" modelXPath="columns/column[@primary='true']">           
        <Placeholders>
          <Placeholder name="table" modelXPath="../.." />
        </Placeholders>
      </SectionModelBinding>
      <SectionModelBinding section="nonKeyAttribute" modelXPath="columns/column[not(@primary='true')]">
        <Placeholders>
          <Placeholder name="table" modelXPath="../.." />
        </Placeholders>
      </SectionModelBinding>
		</SectionModelBinding>
  </Binding>
</XGenConfig>