<?xml version="1.0" encoding="UTF-8"?>
<XGenConfig>
    <Model>
        <ModelAttributeInjections>
            <!-- Create a new model attribute named packageId and populate it with the internalId, enclosed in brackets. -->
            <ModelAttributeInjection modelXPath="//*[@internalId]" targetAttribute="packageId" targetXPath="concat('{', @internalId, '}')"/>
        </ModelAttributeInjections>
    </Model>
    <XmlTemplate rootSectionName="system">
        <FileFormat currentAccessor="_" commentNodeXPath="@description" annotationPrefix="@XGen" annotationArgsPrefix="(" annotationArgsSuffix=")" />
        <Output type="output_per_element" />
        <XmlSections>
            <XmlSection name="table" templateXPath="//Packages/Package[@Name='Staging_load_table_name.dtsx']" />
            <XmlSection name="table" templateXPath="//PackageMetaData[@Name='Staging_load_table_name.dtsx']" />
            <XmlSection name="table" templateXPath="//*[contains(@Include, 'table_')]" />      
        </XmlSections>
        <TemplatePlaceholderInjections>
            <!-- Inject a placeholder for the ID property for the packages. -->
            <TemplatePlaceholderInjection templateXPath="//PackageMetaData[@Name='Staging_load_table_name.dtsx']/Properties/Property[@Name='ID']" modelNode="packageId" scope="current" />             
        </TemplatePlaceholderInjections>
    </XmlTemplate>
    <Binding>
        <SectionModelBinding section="system" modelXPath="/database">
            <SectionModelBinding section="table" modelXPath="tables/table"/>
        </SectionModelBinding>
    </Binding>
</XGenConfig>