<?xml version="1.0" encoding="UTF-8"?>
<XGenConfig>
  <Model>
    <ModelAttributeInjections>
      <!-- Create a new model attribute named packageId and populate it with the internalId, enclosed in brackets. -->
      <ModelAttributeInjection modelXPath="//mappableObjects/*[@internalId]" targetAttribute="packageId" targetXPath="concat('{', @internalId, '}')"/>
    </ModelAttributeInjections>
  </Model>
  <XmlTemplate rootSectionName="System">
    <FileFormat currentAccessor="_" annotationPrefix="@XGen" annotationArgsPrefix="(" annotationArgsSuffix=")" />
    <Output type="single_output" />
    <XmlSections>
      <XmlSection name="Entity" templateXPath="//Packages/Package[@Name='Load_Entity_owner_Entity_name.dtsx']" />
      <XmlSection name="Entity" templateXPath="//PackageMetaData[@Name='Load_Entity_owner_Entity_name.dtsx']" />
    </XmlSections>
    <TemplatePlaceholderInjections>
      <!-- Inject a placeholder for the ID property for the packages. -->
      <TemplatePlaceholderInjection templateXPath="//PackageMetaData/Properties/Property[@Name='ID']" modelNode="packageId" scope="current" />
    </TemplatePlaceholderInjections>
  </XmlTemplate>
  <Binding>
    <SectionModelBinding section="System" modelXPath="/modeldefinition/system" placeholderName="System">
      <SectionModelBinding section="Entity" modelXPath="mappableObjects/entity" placeholderName="Entity">
        <Placeholders>
          <Placeholder name="System" modelXPath="../.." />
        </Placeholders>
      </SectionModelBinding>
    </SectionModelBinding>
  </Binding>
</XGenConfig>