<?xml version="1.0" encoding="UTF-8"?>
<XGenConfig>
 <Model>
    <ModelAttributeInjections>
      <!-- Create new model attributes for Key and NonKey package ID's populate it with the internalId, enclosed in brackets and prefixed with either H or S. -->
      <ModelAttributeInjection modelXPath="//mappableObjects/*[@internalId]" targetAttribute="keyPackageId" targetXPath="concat('{H', @internalId, '}')"/>
      <ModelAttributeInjection modelXPath="//mappableObjects/*[@internalId]" targetAttribute="nonKeyPackageId" targetXPath="concat('{S', @internalId, '}')"/>
    </ModelAttributeInjections>
  </Model>
  <XmlTemplate rootSectionName="System">
    <FileFormat currentAccessor="_" annotationPrefix="@XGen" commentNodeXPath="@Description" annotationArgsPrefix="(" annotationArgsSuffix=")" />
    <Output type="single_output" />
     <TemplatePlaceholderInjections>
      <!-- Inject a placeholder for the ID property for the packages. -->
      <TemplatePlaceholderInjection templateXPath="//Executable[@refId='Package\Load Hubs\Load_Entity_owner_H_Entity_name']/@DTSID" modelNode="keyPackageId" scope="current" />
      <TemplatePlaceholderInjection templateXPath="//Executable[@refId='Package\Load Hub-Sats\Load Entity_owner_HS_Entity_name']/@DTSID" modelNode="nonKeyPackageId" scope="current" />
      <TemplatePlaceholderInjection templateXPath="//Executable[@refId='Package\Load Links\Load Relation_owner_L_Relation_name']/@DTSID" modelNode="keyPackageId" scope="current" />
      <TemplatePlaceholderInjection templateXPath="//Executable[@refId='Package\Load Link-Sats\Load Relation_owner_LS_Relation_name']/@DTSID" modelNode="nonKeyPackageId" scope="current" />
    </TemplatePlaceholderInjections>
  </XmlTemplate>
  <Binding>
    <SectionModelBinding section="System" modelXPath="/modeldefinition/system" placeholderName="System">
      <SectionModelBinding section="Entity" modelXPath="mappableObjects/entity" placeholderName="Entity" />
      <SectionModelBinding section="Relation" modelXPath="mappableObjects/relation" placeholderName="Relation" />
    </SectionModelBinding>
  </Binding>
</XGenConfig>