<?xml version="1.0" encoding="UTF-8"?>
<XGenConfig>
 <Model>
    <ModelAttributeInjections>
      <!-- Create a new model attribute named packageId and populate it with the internalId, enclosed in brackets. -->
      <ModelAttributeInjection modelXPath="//mappableObjects/*[@internalId]" targetAttribute="packageId" targetXPath="concat('{', @internalId, '}')"/>
    </ModelAttributeInjections>
  </Model>
  <XmlTemplate rootSectionName="System">
    <FileFormat currentAccessor="_" commentNodeXPath="@Description" annotationPrefix="@XGen" annotationArgsPrefix="(" annotationArgsSuffix=")" />
    <Output type="single_output" />
     <TemplatePlaceholderInjections>
      <!-- Inject a placeholder for the ID property for the packages. -->
      <TemplatePlaceholderInjection templateXPath="//Executable[@refId='Package\SEQC Load Staging System_name\EPT Load Entity_owner Entity_name']/@DTSID" modelNode="packageId" scope="current" />
    </TemplatePlaceholderInjections>
  </XmlTemplate>
  <Binding>
    <SectionModelBinding section="System" modelXPath="/modeldefinition/system" placeholderName="System">
      <SectionModelBinding section="Entity" modelXPath="mappableObjects/entity" placeholderName="Entity">
        <Placeholders>
          <Placeholder name="System" modelXPath="../.." />
        </Placeholders>
      </SectionModelBinding>
    </SectionModelBinding>
  </Binding>
</XGenConfig>