<?xml version="1.0" encoding="UTF-8"?>
<XGenConfig>
  <Model/>
  <TextTemplate rootSectionName="Entity">
    <FileFormat currentAccessor="_" childAccessor="$" singleLineCommentPrefix="--" annotationPrefix="@XGen" annotationArgsPrefix="(" annotationArgsSuffix=")" />
    <Output type="output_per_element" />
  </TextTemplate>
  <Binding>
		<SectionModelBinding section="Entity" modelXPath="/modeldefinition/system/mappableObjects/entity" placeholderName="Entity">
			<Placeholders>
				<Placeholder name="System" modelXPath="../.." />
			</Placeholders>
			<SectionModelBinding section="Attribute" modelXPath="attributes/attribute" placeholderName="Attribute" />
			<SectionModelBinding section="NonKeyAttribute" modelXPath="attributes/attribute[not(boolean(@primary))]" placeholderName="NonKeyAttribute" />
			<SectionModelBinding section="KeyAttribute" modelXPath="attributes/attribute[boolean(@primary)]" placeholderName="KeyAttribute" />
		</SectionModelBinding>
  </Binding>
</XGenConfig>