<?xml version="1.0" encoding="UTF-8"?>
<XGenConfig>
  <Model/>
  <TextTemplate rootSectionName="MappableObject">
    <FileFormat currentAccessor="_" singleLineCommentPrefix="--" annotationPrefix="@XGen" annotationArgsPrefix="(" annotationArgsSuffix=")" />
    <Output type="output_per_element" />
  </TextTemplate>
  <Binding>
    <SectionModelBinding section="MappableObject" modelXPath="/modeldefinition/system/mappableObjects/*[not(@owner = preceding-sibling::*/@owner)]" placeholderName="MappableObject">
      <Placeholders>
        <Placeholder name="System" modelXPath="../.." />
      </Placeholders>
    </SectionModelBinding>
  </Binding>
</XGenConfig>