<?xml version="1.0" encoding="UTF-8"?>
<XGenConfig>
  <Model>
    <ModelAttributeInjections>
       <!-- Create a new model attribute named projectGuid and populate it with the internalId, enclosed in brackets. -->
      <ModelAttributeInjection modelXPath="/modeldefinition/system/sourceSystems/system" targetAttribute="projectGuid" targetXPath="concat('{', @internalId, '}')"/>
    </ModelAttributeInjections>
  </Model>
  <XmlTemplate rootSectionName="System">
    <FileFormat currentAccessor="_" annotationPrefix="@XGen" annotationArgsPrefix="(" annotationArgsSuffix=")" />
    <Output type="single_output" />
    <XmlSections>
      <XmlSection name="MappableObject" templateXPath="//Build[@Include='schemas\MappableObject_owner.sql']" />
      <XmlSection name="Entity" templateXPath="//Build[@Include='tables\Entity_owner.HS_Entity_name.sql']" />
      <XmlSection name="Entity" templateXPath="//Build[@Include='tables\Entity_owner.H_Entity_name.sql']" />
      <XmlSection name="Relation" templateXPath="//Build[@Include='tables\Relation_owner.LS_Relation_name.sql']" />
      <XmlSection name="Relation" templateXPath="//Build[@Include='tables\Relation_owner.L_Relation_name.sql']" />
      <XmlSection name="LookupRule" templateXPath="//Build[@Include='functions\LookupRule_owner.udf_BR_LookupRule_name.sql']" />
      <XmlSection name="DeriveRule" templateXPath="//Build[@Include='functions\DeriveRule_owner.udf_BR_DeriveRule_name.sql']" />
      <XmlSection name="ProjectReference" templateXPath="//ProjectReference[@Include='..\DWH_Staging_System_name\DWH_Staging_System_name.sqlproj']" />
      <XmlSection name="ProjectReference" templateXPath="//SqlCmdVariable[@Include='DWH_Staging_System_name']" />
      <XmlSection name="SupportObject" templateXPath="//*[starts-with(@Include, '_support-objects')]" />
    </XmlSections>
    <TemplatePlaceholderInjections>
      <!-- Inject a placeholder for the ID property for the packages. -->
      <TemplatePlaceholderInjection templateXPath="//ProjectReference[@Include='..\DWH_Staging_System_name\DWH_Staging_System_name.sqlproj']/Project" modelNode="projectGuid" scope="current" />
    </TemplatePlaceholderInjections>
  </XmlTemplate>
  <Binding>
    <SectionModelBinding section="System" modelXPath="/modeldefinition/system" placeholderName="System">
      <SectionModelBinding section="MappableObject" modelXPath="mappableObjects/*[not(@owner = preceding-sibling::*/@owner)]" placeholderName="MappableObject" />
      <SectionModelBinding section="Entity" modelXPath="mappableObjects/entity" placeholderName="Entity" />
      <SectionModelBinding section="Relation" modelXPath="mappableObjects/relation" placeholderName="Relation" />
      <SectionModelBinding section="LookupRule" modelXPath="mappableObjects/businessRule[@stereotype='lookup']" placeholderName="LookupRule" />
      <SectionModelBinding section="DeriveRule" modelXPath="mappableObjects/businessRule[@stereotype='derive']" placeholderName="DeriveRule" />
      <SectionModelBinding section="ProjectReference" modelXPath="sourceSystems/system" placeholderName="System" />
      <SectionModelBinding section="SupportObject" modelXPath="mappableObjects[0=1]" placeholderName="SupportObject" />
    </SectionModelBinding>
  </Binding>
</XGenConfig>