<?xml version="1.0" encoding="UTF-8"?>
<XGenConfig>
  <Model/>
  <TextTemplate rootSectionName="Owner">
    <FileFormat currentAccessor="_" singleLineCommentPrefix="--" annotationPrefix="@XGen" annotationArgsPrefix="(" annotationArgsSuffix=")" />
    <Output type="output_per_element" />
  </TextTemplate>
  <Binding>
    <!-- Select the last entity with a certain @owner value. This is automatically the distinct owners list. -->
    <SectionModelBinding section="Owner" modelXPath="/modeldefinition/system/mappableObjects/entity[@owner != 'dbo' and not(@owner = preceding-sibling::entity/@owner)]" placeholderName="Entity">
      <Placeholders>
        <Placeholder name="System" modelXPath="../.." />
      </Placeholders>
    </SectionModelBinding>
  </Binding>
</XGenConfig>