<?xml version="1.0" encoding="UTF-8"?>
<XGenConfig>
  <Model>    
    <ModelAttributeInjections>
      <!-- Translate the SQL data type into the SSIS data type and store it in the 'etldatatype' attribute on the attribute elements in the model. -->
      <ModelAttributeInjection modelXPath="//attribute[@datatype='varchar']" targetAttribute="etldatatype" targetValue="str"/>
      <ModelAttributeInjection modelXPath="//attribute[@datatype='varchar']" targetAttribute="codePage" targetValue="1252"/>
      <ModelAttributeInjection modelXPath="//attribute[@datatype='nvarchar']" targetAttribute="etldatatype" targetValue="wstr"/>
      <ModelAttributeInjection modelXPath="//attribute[@datatype='tinyint']" targetAttribute="etldatatype" targetValue="i2"/>
      <ModelAttributeInjection modelXPath="//attribute[@datatype='smallint']" targetAttribute="etldatatype" targetValue="i2"/>
      <ModelAttributeInjection modelXPath="//attribute[@datatype='bigint']" targetAttribute="etldatatype" targetValue="i8"/>
      <ModelAttributeInjection modelXPath="//attribute[@datatype='int']" targetAttribute="etldatatype" targetValue="i4"/>
      <ModelAttributeInjection modelXPath="//attribute[@datatype='timestamp']" targetAttribute="etldatatype" targetValue="bytes"/>
      <ModelAttributeInjection modelXPath="//attribute[@datatype='datetime']" targetAttribute="etldatatype" targetValue="dbTimeStamp"/>
      <ModelAttributeInjection modelXPath="//attribute[@datatype='datetime2']" targetAttribute="etldatatype" targetValue="dbTimeStamp"/>
      <ModelAttributeInjection modelXPath="//attribute[@datatype='decimal']" targetAttribute="etldatatype" targetValue="numeric"/>
      <ModelAttributeInjection modelXPath="//attribute[@datatype='bit']" targetAttribute="etldatatype" targetValue="bool"/>
      <ModelAttributeInjection modelXPath="//attribute[@datatype='uniqueidentifier']" targetAttribute="etldatatype" targetValue="guid"/>
    </ModelAttributeInjections>
  </Model>
  <XmlTemplate rootSectionName="Entity">
    <FileFormat currentAccessor="_" commentNodeXPath="@description" annotationPrefix="@XGen" annotationArgsPrefix="(" annotationArgsSuffix=")" />
    <Output type="output_per_element" />
    <XmlSections>
      <!-- The input columns of the 'OLE DB Destination Input' need to be repeated for every attribute. -->
      <!-- This element doesn't have a 'Description' attribute, so we need to create this section in this config file. -->
      <XmlSection name="Attribute" templateXPath="//input[@name='OLE DB Destination Input']/inputColumns/inputColumn[@cachedName='Attribute_name']"/>
    </XmlSections>
    <TemplateAttributeInjections>
      <!-- Inject an attribute for the scale, precision, cachedScale & cachedPrecision on elements where the name (or cachedName) is 'Attribute_name'. -->
      <TemplateAttributeInjection templateXPath="//*[(@name='Attribute_name' or @cachedName='Attribute_name')]" attributeName="scale" attributeValue=""/>
      <TemplateAttributeInjection templateXPath="//*[(@name='Attribute_name' or @cachedName='Attribute_name')]" attributeName="precision" attributeValue=""/>
      <TemplateAttributeInjection templateXPath="//*[(@name='Attribute_name' or @cachedName='Attribute_name')]" attributeName="cachedScale" attributeValue=""/>
      <TemplateAttributeInjection templateXPath="//*[(@name='Attribute_name' or @cachedName='Attribute_name')]" attributeName="cachedPrecision" attributeValue=""/>
    </TemplateAttributeInjections>
    <TemplatePlaceholderInjections>
      <!-- Inject a placeholder for the dataType, length, precision, scale, codePage attributes for the columns. -->
      <TemplatePlaceholderInjection templateXPath="//*[(@name='Attribute_name' or @cachedName='Attribute_name')]/@dataType"  modelNode="etldatatype" scope="current" />
      <TemplatePlaceholderInjection templateXPath="//*[(@name='Attribute_name' or @cachedName='Attribute_name')]/@length"  modelNode="length" scope="current" />
      <TemplatePlaceholderInjection templateXPath="//*[(@name='Attribute_name' or @cachedName='Attribute_name')]/@precision"  modelNode="precision" scope="current" />
      <TemplatePlaceholderInjection templateXPath="//*[(@name='Attribute_name' or @cachedName='Attribute_name')]/@scale"  modelNode="scale" scope="current" />
      <TemplatePlaceholderInjection templateXPath="//*[(@name='Attribute_name' or @cachedName='Attribute_name')]/@codePage"  modelNode="codePage" scope="current" />
      <!-- Inject a placeholder for the cachedDataType, cachedLength, cachedPrecision, cachedScale, cachedCodePage attributes for the columns. -->
      <TemplatePlaceholderInjection templateXPath="//*[(@name='Attribute_name' or @cachedName='Attribute_name')]/@cachedDataType" modelNode="etldatatype" scope="current" />
      <TemplatePlaceholderInjection templateXPath="//*[(@name='Attribute_name' or @cachedName='Attribute_name')]/@cachedLength"  modelNode="length" scope="current" />
      <TemplatePlaceholderInjection templateXPath="//*[(@name='Attribute_name' or @cachedName='Attribute_name')]/@cachedPrecision"  modelNode="precision" scope="current" />
      <TemplatePlaceholderInjection templateXPath="//*[(@name='Attribute_name' or @cachedName='Attribute_name')]/@cachedScale"  modelNode="scale" scope="current" />
      <TemplatePlaceholderInjection templateXPath="//*[(@name='Attribute_name' or @cachedName='Attribute_name')]/@cachedCodepage"  modelNode="codePage" scope="current" />
    </TemplatePlaceholderInjections>    
  </XmlTemplate>
  <Binding>
    <!-- Bind the root section, named Entity (see XmlTemplate node higher in this config), to the entity elements from the model -->
    <SectionModelBinding section="Entity" modelXPath="/modeldefinition/system/mappableObjects/entity" placeholderName="Entity">
      <Placeholders>
        <!-- Adds a placeholder named System that references two levels above entity in the model (being the system element) -->
        <Placeholder name="System" modelXPath="../.." />
      </Placeholders>
      <!-- Within the "Entity" section, bind the "Attribute" section to the entity's attributes -->
      <SectionModelBinding section="Attribute" modelXPath="attributes/attribute" placeholderName="Attribute">
        <Placeholders>
        <!-- Define a placeholder named Entity so the parent entity can be referenced from the Attribute section -->
          <Placeholder name="Entity" modelXPath="../.." />
        </Placeholders>
      </SectionModelBinding>      
    </SectionModelBinding>
  </Binding>
</XGenConfig>